Word,Count
/,5762
the,2567
<summary>,1456
</summary>,1456
of,1048
a,897
to,834
this,780
<param,752
is,479
Gets,357
in,317
that,300
if,299
for,286
and,281
sprite,231
The,217
or,207
tile,187
object,179
<see,177
value,163
-----------------------------------------------------------------------,154
be,149
from,145
an,143
on,127
instance,126
containing,118
A,115
screen,115
will,114
given,113
rectangle,113
Initializes,111
name,110
<returns>A,104
with,102
sets,98
new,96
it,94
section,93
at,91
are,87
string,87
number,87
class,86
by,85
position,84
level,82
content,81
point,81
type,81
file,80
player,80
which,79
can,78
Development,78
Returns,78
grid,77
\Team"\>\,77
</copyright>,77
Copyrighted,77
MIT,77
<copyright,77
indicating,77
\company="\The\,77
Limitless,77
all,75
exit,74
used,74
between,71
when,69
has,68
under,67
not,65
<returns>The,65
direction,65
cell,65
path,64
<returns>True,64
key,62
whether,61
action,61
Draws,60
Loads,60
If,58
within,56
//,56
false,55
method,54
Public,53
License,53
collision,52
objects,51
as,51
component,50
texture,50
no,49
effect,49
right,48
vector,48
collection,46
This,46
distance,46
Determines,44
editor,44
assembly,43
Updates,43
any,43
loaded,42
state,42
check.</param>,42
other,42
background,42
color,42
components,42
layer,41
otherwise.</returns>,41
left,41
Represents,40
values,40
frame,38
graphics,37
set,37
current,37
last,36
camera,36
JSON,36
have,35
should,34
size,34
sound,34
we,34
list,33
An,33
two,33
item,33
integer,32
one,32
move,32
frames,32
game,32
out,32
each,32
index,32
velocity,32
draw,32
line,31
dictionary,31
=,31
sprites,31
\name="\color"\>The\,30
button,29
was,29
corner,29
representing,29
resource,29
owns,29
edge,28
than,28
its,28
points,28
mouse,28
only,27
interpolator,27
event,27
top,27
///,27
owner,26
data,26
another,26
side,26
first,26
but,26
<paramref,25
sloped,25
-,25
\name="\position"\>The\,25
pixels,25
depth,25
information,25
resolution,25
bounds,25
\name="\owner"\>The\,25
tiles,25
Adds,25
reference,25
slope,24
contains,24
triangle,24
license,24
Y,24
X,24
through,24
\name="\key"\>The\,24
up,24
items,24
image,24
second,23
get,23
cells,23
\name="\sprite"\>The\,23
collided,23
Handles,23
into,23
sides,23
tile.</param>,23
both,23
solid,22
Enumerates,22
there,22
equal,22
rectangle.</param>,22
for.</param>,22
need,22
*,22
setting,22
top-left,21
certain,21
use,21
add.</param>,21
<exception,20
samples,20
input,19
JToken,19
TODO:,19
damage,19
active,19
initial,19
zero-based,19
check,19
Vector2,19
<typeparam,19
message,19
progress,18
null,18
shape,18
their,18
add,18
down,18
next,18
\name="\value"\>The\,18
height,18
\name="\x"\>The\,18
<returns>An,18
above,18
scale,18
object.</param>,17
package,17
called,17
1,17
perform,17
currently,17
field,17
property,17
methods,17
width,17
intersection.</param>,17
\name="\intersect"\>The\,16
same,16
been,16
{,16
every,16
so,16
Removes,16
\name="\item"\>The\,16
user,16
change,16
node,16
moved,16
full,16
larger,15
sprite.</param>,15
attribute,15
original,15
override,15
Contains,15
},15
area,15
enumerable,15
nearest,15
settings,14
resources,14
about,14
bottom,14
decimal,14
where,14
Sprites,14
Use,14
b,14
call,14
Reads,14
following,14
Credit,14
JToken.</returns>,14
vector.</param>,14
Color.White,13
many,13
vertical,13
displayed,13
fade,13
cell.</param>,13
horizontal,13
since,13
must,13
object.</returns>,13
absolute,13
struct,13
keyboard,13
For,13
directly,13
shading.</param>,13
custom,13
players,13
lines,13
how,13
raised,13
length,13
enumerator,13
\name="\filePath"\>The\,13
before,13
types,13
form,13
anonymous,13
SpriteBatch,12
shade,12
at.</param>,12
categorized,12
configuration,12
scroll,12
default,12
intersects,12
moves,12
\grid,\,12
ComplexGraphicsObject,12
Version,12
category,12
below,12
measured,12
X-coordinate,12
support,12
angle,12
do,12
textures,12
use.</param>,12
Defines,12
time,12
array,12
being,12
using,12
\name="\that"\>The\,11
pressing,11
0,11
sprite's,11
vectors,11
copy,11
rounded,11
modify,11
test,11
+,11
enter,11
\name="\y"\>The\,11
main,11
debug,11
implement,11
automatically,11
\name="\action"\>The\,11
less,11
cardinal,11
log,11
\sprite,\,11
hit,11
unsigned,11
drawn,11
valid,11
Converts,11
\two-dimensional,\,11
COM,11
,10
timer,10
Update(),10
contents,10
AnimatedGraphicsObject,10
ends.</param>,10
seconds,10
pressed,10
remove.</param>,10
outline.</param>,10
intersecting,10
variety,10
cells.</param>,10
to.</param>,10
states,10
Provides,10
along,10
code,10
greater,10
different,10
unter,10
enemy,10
\name="\T"\>The\,10
Required,10
\name="\direction"\>The\,10
starts,10
resolve,10
To,10
long,10
start,10
moving,10
\level,\,10
text,10
intersection,10
required,10
access,10
\name="\contentResourceName"\>The\,9
selected,9
Level,9
\name="\a"\>The\,9
hitbox,9
draw.</param>,9
\name="\b"\>The\,9
not.</returns>,9
error,9
there's,9
usage,9
physics,9
such,9
you,9
folder,9
read-only,9
\true,\,9
amount,9
until,9
enumeration,9
specified,9
static,9
per,9
over,9
entry,9
either,9
one.</param>,9
\cell,\,9
hierarchy,9
\name="\parameters"\>Parameters\,9
deep,9
screens,9
keys,9
animated,9
total,9
No,9
\name="\sectionName"\>The\,9
Is,9
completed,9
Angles,8
handler,8
</remarks>,8
\name="\width"\>The\,8
floating,8
colliding,8
\name="\message"\>The\,8
effect.</param>,8
string.</param>,8
\name="\tile"\>The\,8
playback,8
running,8
subgrid.</param>,8
==,8
then,8
\triangle,\,8
names,8
already,8
determine,8
block,8
four,8
example,8
Sets,8
\cref="\Vector2"\/>\,8
range,8
flag,8
Y-coordinate,8
zoom,8
\cref="\InvalidOperationException"\>Thrown\,8
parameter,8
pair,8
horizontally,8
service,8
multiple,8
On,8
Y-axis,8
\name="\point"\>The\,8
iris,8
itself,8
ComVisible,8
integral,8
Creates,8
they,8
some,8
integer.</param>,8
with.</param>,8
window,8
<remarks>,8
coordinate,8
them,8
\0,\,7
what,7
\name="\json"\>A\,7
return,7
\pixels,\,7
backing,7
useful,7
does,7
from.</param>,7
file.</param>,7
source,7
\rectangle,\,7
Only,7
\name="\height"\>The\,7
Set,7
may,7
behavior,7
Right,7
closer,7
\name="\length"\>The\,7
present,7
search,7
Starts,7
needs,7
(positive,7
scrolls,7
Adjusts,7
enters,7
sound.</param>,7
Move,7
viewport,7
our,7
representation,7
associated,7
collidable,7
properties,7
\name="\resolutionDistance"\>The\,7
directions,7
debugger,7
fully,7
<remarks>This,7
we're,7
returns,7
previous,7
remove,7
graphics.</param>,7
collision.</param>,7
Stops,7
presses,7
\name="\vector"\>The\,7
world,7
emerge,7
NotSupportedException,7
tile's,7
extension,7
\name="\spriteBatch"\>The\,7
black,7
portion,7
contained,7
shelled,7
part,7
order,7
variable,7
lowest,7
coordinates,7
sign,7
removed,6
release,6
\right,\,6
kind,6
attached,6
animation,6
base,6
object's,6
float,6
zero,6
\name="\name"\>The\,6
commands,6
shift,6
single,6
(negative,6
\name="\left"\>The\,6
center,6
component.</returns>,6
contain,6
Left,6
Up,6
make,6
void,6
location,6
press,6
\screen,\,6
false.</param>,6
short,6
buffer,6
(i.e,6
created,6
calls,6
Checks,6
close,6
vertically,6
\down,\,6
facing,6
run,6
bounding,6
it's,6
bottom-right,6
point.</param>,6
string.</returns>,6
serialize.</param>,6
\instance,\,6
negative,6
\size,\,6
\a,\,6
placed,6
temporary,6
X),6
largest,6
\null,\,6
sliding,6
UTF-16,6
half,6
managed,6
setter,6
holding,6
goes,6
compare.</param>,6
container,6
minus,6
outline,6
remaining,6
doesn't,6
public,6
while,6
based,6
much,6
\name="\right"\>The\,6
files,6
script,6
fades,6
Plays,6
Y),6
rectangular,6
one-based,6
become,6
camera's,6
step,6
members,6
always,6
format,6
\name="\progress"\>The\,6
system,6
maximum,6
Draw,6
these,6
testing,5
Rectangle,5
downward,5
step.</param>,5
returned,5
Heath,5
more,5
entered,5
actions,5
/////,5
like,5
character,5
\name="\endValue"\>The\,5
indices,5
designer,5
\name="\input"\>The\,5
within.</param>,5
\slope,\,5
true,5
\name="\type"\>The\,5
speed,5
global,5
\shape,\,5
throws,5
scheduled,5
attributes,5
instances,5
result,5
Number,5
interpolation.</param>,5
read.</param>,5
considered,5
progress.</param>,5
Mark,5
\exit,\,5
comment,5
command,5
quadratic,5
internal,5
event.</param>,5
\TValue}"\/>\,5
constructed,5
Build,5
Clean,5
IGraphicsObject,5
direction.</param>,5
\cref="\ArgumentException"\>Thrown\,5
gradient,5
cell.</returns>,5
We,5
elapsed,5
minimum,5
starts.</param>,5
floored,5
vectors.</param>,5
\name="\disposing"\>true\,5
Applies,5
font,5
optionally,5
selector,5
values.</returns>,5
Update,5
embedded,5
\name="\step"\>The\,5
least,5
sized,5
DataReader,5
\cref="\ResourceNotFoundException"\/>\,5
\example,\,5
applied,5
\otherwise,\,5
visible,5
uses,5
\name="\resourceName"\>The\,5
collapsed,5
resource.</param>,5
manager,5
I,5
ground,5
cropping,5
also,5
null.</exception>,5
update,5
don't,5
\interface,\,5
references,5
Setting,5
checks,5
tracking,5
represented,5
movement,5
sounds,5
destination,5
positive,5
45°,5
Jump,5
exits,5
warning,5
times,5
mx,5
assemblies,5
see,5
updated,5
\"\forward"\\,5
changes,5
without,5
False,5
\However,\,5
rendered,5
Designer,5
General,5
y,5
upward,5
disposed;,5
interpolate,5
Extends,5
usually,5
Unloads,5
several,5
translated,5
\cref="\ArgumentNullException"\>Thrown\,5
exposed,5
needed,5
image.</param>,5
\cref="\Interpolator"\/>\,5
Revision,5
values:,4
Down,4
allows,4
positions,4
\once,\,4
logs,4
Performs,4
\name="\mouse"\>The\,4
Do,4
byte,4
turns,4
line.</param>,4
\that,\,4
Y-position,4
made,4
\cref="\SparseCellGrid{T}"\/>\,4
a's,4
\name="\texture"\>The\,4
Condition,4
exception.</param>,4
damaged,4
\name="\rect"\>The\,4
reason,4
\direction,\,4
effects,4
controlled,4
implementation,4
instance.</returns>,4
folders,4
higher,4
Given,4
range.</param>,4
slower,4
range's,4
\name="\section"\>The\,4
CGO,4
exception,4
characters,4
way,4
scrolling,4
submitted,4
textbox,4
acceleration,4
screen;,4
pass,4
switch,4
http://mark-dot-net.blogspot.com/2014/02/fire-and-forget-audio-playback-with.html,4
Resets,4
\name="\startValue"\>The\,4
&&,4
Add,4
Varies,4
packages,4
paths,4
contract,4
walking,4
Get,4
\name="\config"\>A\,4
pixels.</param>,4
axis,4
overrides,4
entries,4
boundary,4
outside,4
\"\backward"\\,4
log.</param>,4
default/invalid,4
once,4
graphic,4
saved,4
laterally,4
adjust,4
fractional,4
really,4
key-value,4
resolve.</param>,4
typelib,4
expressed,4
creating,4
optional,4
rate,4
enabled,4
hold,4
Compares,4
GUID,4
grid.</param>,4
\name="\sender"\>The\,4
around,4
\name="\keys"\>The\,4
\cref="\CachedSound"\/>\,4
return;,4
\cref="\SparseCellRange"\/>\,4
Items,4
linear,4
interface,4
begins.</param>,4
Collision,4
strings,4
child,4
enum,4
reading,4
\name="\additionalOnPlaybackEndedHandler"\>An\,4
documentation.</param>,4
here..,4
Change,4
There,4
device,4
audio,4
generic,4
\one,\,4
services,4
follow,4
data.</returns>,4
Minor,4
collide,4
number.</param>,4
Major,4
vectors.</returns>,4
place,4
front,4
results,4
Objects,4
represents,4
empty,4
||,4
<returns></returns>,4
Tile,4
X-axis,4
\action,\,4
falls,4
actually,4
makes,4
triangle.</param>,4
\component,\,4
loading,4
reader,4
multiplied,4
explains,4
after,4
perform.</param>,4
integers,4
unused.</param>,4
play.</param>,4
tangent,4
consists,4
\cref="\Point"\/>\,4
X-position,4
\cref="\Level"\/>\,4
null),4
collides,4
messages,4
cropped,4
\cref="\WaveFormat"\/>\,4
\texture,\,4
named,4
thus,4
Layers,4
\animated,\,4
old,4
\name="\scale"\>The\,4
whenever,4
still,4
\up,\,4
cannot,4
percentage,4
cycle,4
layer.</param>,4
GameTime,4
project,4
of.</param>,4
and/or,4
\name,\,4
getter,4
load,4
ID,4
divided,4
Information,4
!=,4
:,4
score,4
time),4
added,4
axes,4
entering,4
track,4
single-precision,4
Moves,4
\COM,\,4
\Right,\,4
identifies,4
semicolon,4
space,4
corresponding,4
data.</param>,4
removes,4
by.</param>,4
top-right,4
unique,4
\name="\sprite"\/>\,4
here,4
takes,4
disk,3
(author,3
inside,3
node.</param>,3
font's,3
deploying,3
Does,3
displacement,3
NAudio),3
across,3
vector.</returns>,3
\name="\data"\>The\,3
brick,3
With,3
parse.</param>,3
\name="\button"\>The\,3
storage,3
stored,3
edges,3
inverse,3
\platforms,\,3
compact,3
sprite.Position,3
2D,3
We're,3
\name="\screen"\>The\,3
Reset,3
</returns>,3
completely,3
formatted,3
numeric,3
fast,3
\name="\adjacentPointsAreWithin"\>If\,3
pairs,3
backward,3
highest,3
\Windows,\,3
Windows,3
ContentPackageManager,3
leftward,3
\name="\typeName"\>The\,3
<returns>,3
\itself,\,3
colored,3
completion,3
invalid.</exception>,3
split,3
structure,3
beginning,3
\cref="\JsonHelper"\/>\,3
\points,\,3
substring,3
type.</param>,3
interface.</typeparam>,3
bottom-left,3
go,3
\name="\spriteEffects"\>How\,3
Indicates,3
shown,3
InputObject,3
break,3
convert.</param>,3
\left,\,3
fixed,3
apply,3
-1,3
look,3
section.</param>,3
\time,\,3
top-center,3
provided,3
flags,3
otherwise,3
serialization,3
begins,3
fade-in,3
\name="\setting"\>The\,3
\array,\,3
fade-out,3
container.</param>,3
..,3
\name="\rectangle"\>The\,3
IV,3
\cref="\PhysicsSettingsEditorForm"\/>\,3
take,3
hits,3
Determine,3
trailing,3
continue,3
bottom-center,3
path.</returns>,3
visual,3
beneath,3
position.</returns>,3
int,3
middle,3
Rounds,3
description,3
NaN,3
becomes,3
relation,3
\tiles,\,3
ways,3
\cref="\Section"\/>\,3
predicate,3
\name="\batch"\>The\,3
\key,\,3
just,3
implementing,3
\in,\,3
<returns>Returns,3
Create,3
\name="\level"\>The\,3
precision,3
integer.</returns>,3
Logs,3
even,3
instead,3
It,3
skip.</param>,3
pipe,3
\name="\debug"\>If\,3
\cref="\ICollection{T}"\/>\,3
enumerates,3
because,3
manages,3
won't,3
approaches,3
\string,\,3
Quadrant,3
\name="\offset"\>How\,3
sections,3
rectangles,3
\name="\collidingSprite"\>The\,3
provider,3
occurs,3
\frame,\,3
These,3
\name="\damageType"\>The\,3
copied,3
<,3
increasing,3
is.</param>,3
matrix,3
intersects..,3
sparse,3
\section,\,3
fired,3
two-dimensional,3
player's,3
\Left,\,3
\Y-axis,\,3
overload,3
read.</returns>,3
\cref="\Bounds"\/>\,3
plastic,3
\name="\text"\>The\,3
fbrookie,3
corner.</param>,3
hierarchies,3
Each,3
music,3
\Likewise,\,3
\X,\,3
\recursive,\,3
\name="\vectors"\>A\,3
function,3
comma-delimited,3
Serializes,3
EffectCompletedEvent,3
jump,3
informational,3
retrieve,3
key/value,3
Check,3
rightward,3
rightmost,3
\values,\,3
control,3
topmost,3
drawing,3
layer's,3
\name="\input"\>A\,3
extracted,3
invalid,3
\name="\buffer"\>A\,3
Not,3
mirror,3
own,3
texture.</param>,3
levels,3
double-precision,3
comments,3
(up,3
mapping,3
\name="\items"\>A\,3
done,3
signed,3
initialized,3
match,3
round,3
derived,3
\name="\direction"\/>\,3
true;,3
Koopa),3
repeat,3
\b,\,3
title,3
generate,3
case,3
slightly,3
opposite,3
standard,3
probably,3
overall,3
Floors,3
\name="\effects"\>Defines\,3
intersected,3
Measured,3
buttons,3
\entry,\,3
group,3
iteration,3
isn't,3
divide,3
indicates,3
projectiles,3
\cref="\TileDefaultState"\/>\,3
composed,3
determined,3
\name="\T"\>A\,3
state.</param>,3
Please,3
faster,3
\overrides,\,3
coincident,3
grid.</returns>,3
rectangle.</returns>,3
\cref="\BoundingRectangle"\/>\,3
items.</param>,3
\"\X,\,3
turn,3
delegate,3
\here,\,3
\name="\framesUntilExecution"\>The\,3
debugging,3
dropped,3
execute.</param>,3
component.</param>,3
resource.</returns>,3
\cref="\IPositionable2"\/>\,3
those,2
\name="\end"\>The\,2
offset,2
Begins,2
\width,\,2
account,2
\cref="\Tile"\/>\,2
non-generic,2
nines,2
Section,2
Resolves,2
successfully,2
accelerate,2
decrementing,2
(but,2
mouse's,2
\progress,\,2
position.</param>,2
applies,2
\name="\left"\/>\,2
\name="\fadeDurationInMilliseconds"\>How\,2
executed,2
\cref="\SparseCell{T}"\/>\,2
(Slope,2
Clones,2
there.</returns>,2
\(-X,\,2
section.</returns>,2
\name="\frames"\>The\,2
white,2
cause,2
according,2
they're,2
\name="\gameTime"\>Snapshot\,2
\name="\amount"\>The\,2
align,2
bool,2
\cref="\HealthComponent"\/>\,2
\name="\innerException"\>The\,2
wasn't,2
sprite..,2
Exits,2
null.</returns>,2
against,2
requirement:,2
reader's,2
crop,2
\name="\cCellSize"\>The\,2
\false,\,2
whatever,2
\name="\slopedSides"\>Which\,2
\name="\TValue"\>The\,2
component's,2
Load,2
square,2
x,2
one.</returns>,2
\name="\gameTime"\>The\,2
II,2
Lateral,2
mode,2
zero.</returns>,2
purposes,2
dictionary's,2
namespaces,2
suitable,2
instance.</param>,2
damage.</param>,2
(Nothing,2
triangles),2
difference,2
edited.</param>,2
\exception,\,2
neither,2
very,2
\data,\,2
game's,2
We'll,2
printed,2
lines.</param>,2
expires.</param>,2
serializable,2
increments,2
Color.Black);,2
open,2
simple,2
\empty,\,2
parse,2
layer.</returns>,2
\name="\attribute"\>The\,2
depth.</returns>,2
But,2
ensure,2
stomping,2
transformation,2
cropping.Y,2
doesn't.</returns>,2
key.</returns>,2
cursor,2
\(;),\,2
boolean,2
chase,2
transparency,2
example:,2
dictionary.</returns>,2
\name="\cellNumber"\>The\,2
fulfill,2
\name="\fileName"\>The\,2
bottommost,2
immune,2
\name="\TKey"\>The\,2
\camera,\,2
who,2
\seconds,\,2
\name="\tile"\/>\,2
\cref="\Sprites.TileCollisionType"\/>\,2
extensions,2
maps,2
sending,2
friction,2
load.</param>,2
adds,2
supports,2
good,2
Called,2
surface,2
Cancels,2
individual,2
texture's,2
represent,2
name.</param>,2
\name="\beginFadeInAction"\>An\,2
something,2
\name="\b"\/>.</returns>\,2
&lt;,2
update.</returns>,2
\name="\customData"\>A\,2
gets,2
Spin,2
leftmost,2
\name="\completed"\>The\,2
\name="\sourceRectangle"\>The\,2
resource's,2
token.</returns>,2
\name="\settingsFolder"\>The\,2
loop,2
Lakitu,2
slopes,2
TileRectSolidSides,2
\name="\size"\>The\,2
timing,2
scrolls.</param>,2
milliseconds.</param>,2
wheel,2
corrected,2
\name="\fileTexture"\>The\,2
solve,2
immediately,2
causes,2
3,2
Position,2
\name="\start"\>The\,2
exit.</param>,2
games.</param>,2
can't,2
Seek,2
occur,2
specify,2
\name="\newCycleLength"\>The\,2
determines,2
nothing,2
//{,2
package's,2
inner,2
Stop,2
Color,2
arrays,2
\active,\,2
sound's,2
TestScreen,2
cliff,2
yay,2
INI-styled,2
<remarks>As,2
\name="\divisor"\>The\,2
performs,2
\transparent,\,2
serializer,2
\name="\index"\>The\,2
\name="\percentage"\>The\,2
serialized,2
remains,2
entirely,2
List{T},2
never,2
has.</param>,2
All,2
ended,2
Fade,2
\name="\node"\>The\,2
options.</param>,2
keep,2
(real,2
\cref="\AudioPlaybackEngine"\/>\,2
C#,2
(game,2
points.</returns>,2
comments.</returns>,2
IsOnGround,2
0f,2
shrink,2
\so,\,2
value.</exception>,2
that's,2
(player.Center,2
slope.</param>,2
InputManager,2
smooth,2
\yes,\,2
sample,2
Round,2
speed.</param>,2
milliseconds,2
detection,2
plus,2
adding,2
read,2
background.</param>,2
frees,2
helper,2
ContentPackages,2
SMLimitless.exe,2
\range,\,2
attempting,2
\cref="\Camera2D"\/>\,2
begin,2
consisting,2
variety's,2
specifies,2
\color,\,2
row,2
zooms,2
presumed,2
IEnumerable.GetEnumerator(),2
GraphicsDevice,2
stomp,2
executed.</param>,2
<returns>Nothing.</returns>,2
8px,2
shell,2
Produces,2
origin.</exception>,2
provide,2
\is,\,2
sprite.</returns>,2
\Thus,\,2
values.</typeparam>,2
properly,2
Initialize,2
tiles),2
schedule,2
invoke,2
used.</param>,2
throw,2
\value,\,2
\name="\collidingTile"\>The\,2
images,2
toward,2
\name="\cellSize"\>The\,2
complete,2
Fires,2
straight,2
package.</param>,2
gameplay,2
\ComplexGraphicsObject,\,2
space.</param>,2
\cref="\Texture2D"\/>\,2
Measures,2
Deserializes,2
triangles,2
\name="\startRunning"\>If\,2
\cref="\FlaggedDirection"\/>\,2
metadata,2
\cref="\float"\/>\,2
small,2
merely,2
\"\x,y"\,\,2
Calculates,2
III,2
\name="\distance"\>The\,2
callback,2
\name="\customObjects"\>An\,2
1),2
clicked,2
\cref="\IDictionary{TKey,\,2
script.</returns>,2
cell;,2
0f),2
file),2
dictionaries,2
deactivated,2
line.</returns>,2
forward,2
\line,\,2
token,2
\cref="\EditorButton"\/>\,2
file.</returns>,2
Parses,2
\last,\,2
\cref="\InputObject"\/>\,2
texture.</returns>,2
Texture2D,2
reduce,2
starting,2
question,2
x),2
parsed,2
\pad"\\,2
be.</param>,2
logging,2
fire,2
scaled,2
Interpolator's,2
run.</returns>,2
find,2
walk,2
fixed-step,2
specified.</param>,2
took,2
\Otherwise,\,2
unit,2
member,2
things,2
\sprites,\,2
during,2
sprites.</param>,2
\name="\player"\>The\,2
\cref="\EditorSelectedObject"\/>\,2
(or,2
So,2
adjusted,2
\name="\cropping"\>The\,2
resolved.</param>,2
FacePlayer),2
index.</remarks>,2
third,2
\cref="\Sprites.TileTriSolidSides"\/>\,2
triangle.</returns>,2
\present,\,2
\name="\beginFadeOutAction"\>An\,2
resolutions,2
INI,2
(the,2
\dictionary,\,2
\Additionally,\,2
ever,2
explicit,2
taller,2
core,2
32-bit,2
none,2
editor's,2
SolidSides,2
we've,2
\position,\,2
green,2
\name="\jsonEntry"\>A\,2
keys.</typeparam>,2
handlers,2
Collapsed,2
lists,2
owned,2
\name="\loadedPackages"\>A\,2
searcher,2
\collision,\,2
variable-step,2
\"\direction"\\,2
Subject,2
\name="\right"\/>.</returns>\,2
Velocity,2
create,2
\name="\count"\>The\,2
switched,2
cast,2
\cloned,\,2
multiplier,2
\Vector2.Zero,\,2
found,2
Hitbox,2
\name="\items"\>The\,2
dead,2
replaced,2
Walking,2
assume,2
ShellSpinning,2
desired,2
randomly,2
(graphics,2
\name="\slopedSides"\/>\,2
type.</returns>,2
Defaults,2
interpolation,2
\current,\,2
cubic,2
\name="\a"\/>\,2
b's,2
drop,2
accounts,2
Basic),2
\cref="\int"\/>\,2
retreated,2
forms,2
hash,2
completes.</param>,2
(e.g,2
\node,\,2
determining,2
RGBA,2
\assembly,\,2
seems,2
possible,2
now,2
\"\x,y"\\,2
//},2
cancel,2
Player,2
want,2
\cref="\ReadOnlyDictionary{TKey,\,2
extract,2
\name="\settingsPath"\>The\,2
\name="\iterations"\>The\,2
monitor,2
System.Drawing.Image,2
\Y"\.</returns>\,2
divisor.</returns>,2
tile(s),2
>,2
guaranteed,2
method.</returns>,2
setting's,2
Center.Y,2
here's,2
Visual,2
\"\run"\\,2
had,2
except,2
flipped,2
\cref="\Hierarchy{T}"\/>\,2
remainder,2
\(+X,\,2
\cref="\Sprites.Collections.Section"\/>\,2
Stores,2
\"\x,y;x,y"\\,2
extra,2
fully-loaded,2
divide.</param>,2
tile.</returns>,2
write,2
GetEnumerator(),2
could,2
<remarks>The,2
byte.</param>,2
...imagine,2
execute,2
identify,2
(Velocity.X,2
meets,2
\old,\,2
\(Left,\,2
Calculate,2
crosses,2
(usually,2
performed,2
scripting,2
value.</param>,2
killed,2
\no,\,2
\tile,\,2
-Y):,2
\Vector2(sprite.Position.X,\,2
(for,2
\cref="\Sprites.TileRectSolidSides"\/>\,2
via,2
button's,2
Emerging,2
\new,\,2
//public,2
setting.</typeparam>,2
\name="\dictionary"\>The\,2
onscreen,2
+Y):,2
one..,2
reaches,2
well,2
near,2
anything,2
\name="\intersect"\/>\,2
\packed,\,2
usable,2
correct,2
origin,2
90,2
\name="\cCellNumber"\>The\,2
display,2
\occurs,\,2
version,2
\[0,\,2
view,2
24px,2
\XNA,\,2
mirroring,2
\button,\,2
layer;,2
resize,2
State,2
folder.</param>,2
5.1,2
\Ordinarily,\,2
\1,\,2
removing,2
iff,2
BitmapFont,2
deserialized,2
respectively,2
inherits,2
AssemblyMetadata,2
into.</param>,2
selection,2
\equal),\,2
numbers.</param>,2
\"\scratch\,2
\cref="\RightTriangle"\/>\,2
\name="\sound"\>The\,2
\name="\assembly"\>The\,2
Searches,2
active;,2
render,2
inline,2
Quadrants,2
parent,2
types.</remarks>,2
button.</param>,2
equation,2
\cref="\ScheduledAction"\/>\,2
floor,2
save,2
&gt;,2
\cref="\string"\/>\,2
7.9,2
cleared,2
entry.</returns>,2
divides,2
motion,2
ContentPackage,2
Disable,2
DebugForm,2
\slowly,\,2
TileTriSolidSides,2
proper,2
depending,2
\name="\slopedSides"\>The\,2
\cref="\Effects"\/>\,1
Size,1
RemoveTile(Tile),1
background.</returns>,1
(hit,1
accepted,1
boolean.</param>,1
16),1
sizes,1
jumping,1
parallax,1
top-solid,1
strings.</returns>,1
resolutions.</param>,1
\name="\sectionBounds"\>The\,1
Width,1
DrawLine,1
0.6f));,1
Color.PackedValue,1
describes,1
stopped,1
Pauses,1
\tangent,\,1
RCIX,1
\name="\formatProvider"\>The\,1
predetermined,1
somehow,1
\file="\GameServices.cs"\\,1
interpolator's,1
SpriteCollisionMode.OffsetOnly),1
\name="\max"\>The\,1
TopLeft,1
author,1
mirrored.</param>,1
(5.1,1
ActiveBounds,1
inverted,1
directory,1
direction.</returns>,1
\AssemblyVersion("\1.0.*"\)]\,1
GameServices.GameObjectSize.Y,1
lesser,1
\disabled,\,1
DataReader),1
<returns>1,1
executed.</returns>,1
StaticLabelTimeScale,1
divisor,1
RtSlopedSides.TopLeft,1
exit.</returns>,1
\cref="\DataReader"\/>\,1
components.</returns>,1
entry.</param>,1
sender,1
How,1
\package,\,1
variables,1
bitmap,1
PanelSprites,1
Level();,1
\name="\max"\/>.</returns>\,1
later,1
notifies,1
http://gamedev.stackexchange.com/questions/87150/rendering-a-fullscreen-quad-is-leaving-a-one-pixel-line-on-the-left-and-top,1
minimum/maximum,1
Apply,1
Enable,1
away,1
Quarant,1
\Width,\,1
enumerations,1
complex,1
2,1
forth,1
\cref="\CachedSoundSampleProvider"\/>\,1
node.</exception>,1
\cref="\TileData"\/>\,1
PropertyLevel,1
program,1
(check,1
\name="\layer"\>The\,1
GameServicesContainer,1
offscreen,1
healed,1
\name="\source"\>The\,1
RCIX's,1
Notifies,1
\name="\pathingObject"\>An\,1
\name="\numberOfCollidingTiles"\>The\,1
\name="\min"\/>\,1
\file="\InterpolatorScales.cs"\\,1
[3],1
up.</param>,1
slow,1
comma,1
rectangle's,1
Exchange,1
two-thirds,1
Reloads,1
editor.</param>,1
convert,1
everything,1
\set,\,1
depends,1
default(TValue),1
\file="\AssemblyManager.cs"\\,1
AdjustSpeed(float),1
\name="\service"\>The\,1
quadrant,1
Interpolator,1
\cref="\DebugForm"\/>\,1
Default.</exception>,1
us,1
Provide,1
\strings,\,1
\5,\,1
Rectangle.</returns>,1
\cref="\GraphicsManager"\/>\,1
path.</exception>,1
(forward,1
one-sixtieth,1
written,1
correct.</param>,1
\cref="\Background"\/>\,1
beginning.</returns>,1
continuously,1
\name="\displayedObject"\>An\,1
air,1
\dropping,\,1
\name="\camera"\>A\,1
\If,\,1
\file,\,1
alignment.</param>,1
\keys,\,1
signs,1
TextCollisionInfo,1
(1,1
included,1
accessed,1
SetSpeed,1
positive),1
\"\None"\\,1
specific,1
\"\Keyboard:\,1
thrownSprites,1
stored.</param>,1
\file="\ICollidableShape.cs"\\,1
\"\spin\,1
serializers/deserializers,1
longer,1
regards,1
\file="\Level.cs"\\,1
runs,1
\Color)"\/>\,1
\Then,\,1
\name="\maximum"\>The\,1
SMLimitless.Content.ContentPackageManager.AddPackage(contentPackageSettingsPath);,1
serialization.</returns>,1
PropertyGrid,1
played,1
\cref="\RectangularSpaceDivision"\/>\,1
\file="\AssemblyInfo.cs"\\,1
visible.</param>,1
allow,1
distributed,1
Interfaces.EffectDirection,1
it.</param>,1
\name="\pointsString"\>A\,1
0.</returns>,1
twice,1
zero),1
\"\Up"\\,1
1],1
et,1
reverse,1
posted,1
PanelSettings,1
\cref="\Sprites.Collections.Background"\/>\,1
\name="\positionables"\>The\,1
occurred.</param>,1
\name="\totalBounds"\>The\,1
VerticalDirection.None,1
\result,\,1
Register,1
impulse,1
constructors,1
1.</returns>,1
Spawn,1
tiles.</param>,1
null);,1
deserializes,1
\name="\values"\>The\,1
treat,1
LevelExit,1
Path,1
10%,1
\layers,\,1
Interpolators,1
math,1
overload;,1
choose,1
rid,1
\cref="\WalkerComponent"\/>\,1
he,1
executes.</param>,1
progress),1
Give,1
substring.</param>,1
\file="\Enums.cs"\\,1
m,1
1).</remarks>,1
\name="\state"\>The\,1
\file="\SoundManager.cs"\\,1
SpriteCollisionMode.OffsetNotify,1
off,1
wider,1
\name="\newFrameTime"\>How\,1
MouseButtons,1
Between,1
\"\left"\\,1
this.NextScreen);,1
attach,1
checking,1
\file="\StringExtensions.cs"\\,1
helps,1
\name="\reader"\>A\,1
links,1
grid-aligned.</exception>,1
1].</param>,1
\file="\FadeEffect.cs"\\,1
(images,1
\file="\IPositionable.cs"\\,1
\cref="\BitmapFont"\/>\,1
Shift,1
\name="\initialHorizontalVelocity"\>The\,1
\"\Down"\\,1
level.ContentFolderPaths,1
\file="\CroppedTextureMetadata.cs"\\,1
contiguous,1
optional.</param>,1
\file="\EditorButton.cs"\\,1
\"\right"\\,1
non-solid,1
reached,1
\not,\,1
\run"\\,1
\directions,\,1
would,1
Maybe,1
\B,\,1
\file="\RightTriangle.cs"\\,1
Jon,1
\name="\point2"\>The\,1
\name="\owner"\></param>\,1
LINQ,1
resumed,1
StaticLabelLevelSettings,1
management,1
duck,1
<remarks>Returns,1
panel,1
sort,1
completes,1
\file="\Hierarchy.cs"\\,1
processing,1
(values),1
entire,1
INI-like,1
\black,\,1
serialized.</param>,1
sure,1
\Finally,\,1
behaves,1
8,1
\name="\pathName"\>The\,1
\name="\framesUntilExecution"\/>\,1
output,1
<returns>-1,1
\name="\initialValue"\>The\,1
fields,1
TextTimeScale,1
XMLdoc,1
(world/levelpack/whatever),1
index.</returns>,1
quick,1
\name="\parameters"\>This\,1
Background,1
string},1
accepts,1
Start,1
rate.</returns>,1
zero.</exception>,1
\gravity,\,1
stomping.</param>,1
able,1
String,1
*horrible*,1
arrow,1
\name="\cOwner"\>The\,1
similar,1
serializers,1
TopLeft/BottomLeft,1
ContentManager,1
item.</param>,1
\cref="\PhysicsSetting{T}"\/>\,1
Adding,1
\name="\exitMessage"\>An\,1
conditions,1
in.</returns>,1
one-third,1
lacks,1
boundary.</remarks>,1
stomped,1
plane's,1
\name="\overridesFilePath"\>The\,1
Key:,1
Draw(),1
\cetera,\,1
spaces,1
\name="\predicate"\>The\,1
awesome,1
right-triangle,1
\cref="\AnimatedGraphicsObject"\/>\,1
stay,1
pound,1
\file="\Screen.cs"\\,1
order.</remarks>,1
\EffectDirection,\,1
You,1
\cleared,\,1
type/assembly,1
StaticLabelDescription,1
velocityDelta,1
When,1
saving,1
\file="\SlopedTestTile1.cs"\\,1
\name="\endIndex"\>The\,1
semantic,1
\A"\.</returns>\,1
speeding,1
died.</param>,1
\X-axis,\,1
\pixels),\,1
edge.</param>,1
ValueChanged,1
re-add,1
\below,\,1
\file="\TestTile4.cs"\\,1
them.</param>,1
most,1
range.</returns>,1
\cref="\Path"\/>\,1
property;,1
increment,1
play,1
know,1
\cref="\Exception"\>Thrown\,1
TextCommand,1
\name="\newVelocityMultiplier"\>The\,1
\scale,\,1
Numbers,1
treated,1
faces,1
\method,\,1
tiled,1
sign(a)*(b-|a|),1
red,1
wipe,1
generates,1
\cref="\StaticGraphicsObject"\/>\,1
primitives,1
AnimatedGraphicsObjects,1
lot,1
\effect,\,1
\name="\collision"\>An\,1
out.</param>,1
left-clicked,1
\file="\EventScript.cs"\\,1
points.</param>,1
Restarts,1
http://communistgames.blogspot.com/2010/10/converting-between-texture2d-and-image.html,1
true/false,1
Assigns,1
keeps,1
slowing,1
SpriteCollisionMode,1
90-degree,1
\name="\intersect"\>A\,1
(it,1
samples.</param>,1
tileAtCheckPoint,1
equaling,1
sources,1
flagged,1
actively,1
\constructor,\,1
4f;,1
};,1
message.</param>,1
\file="\IGraphicsObject.cs"\\,1
\name="\maximumHP"\>The\,1
Source,1
pack's,1
\name="\key"\>Which\,1
\static,\,1
ends,1
\owner,\,1
\called,\,1
\cref="\PropertyForm"\/>\,1
(left,1
stores,1
menu,1
<returns>Return,1
beginFadeInAction,1
\name="\sourceTexture"\>The\,1
however,1
displays,1
...adding,1
assigned,1
\playing,\,1
\name="\cachedSound"\>The\,1
Subtract,1
TextTileInfo,1
{name},1
moved.</param>,1
clamped,1
\cref="\IrisEffect"\/>\,1
\name="\slopeCollisionOccurred"\>A\,1
(NaN),1
\cref="\Initialize"\/>\,1
\name="\position"\>Where\,1
\name="\bounds"\>The\,1
Beetle.),1
\file="\RectangleExtensions.cs"\\,1
\name="\hpAmount"\>How\,1
delay,1
over.</typeparam>,1
resulting,1
transition,1
hardcoded,1
Pause,1
doing,1
scales,1
TopLeft/TopRight,1
\above,\,1
decimal.</returns>,1
Includes,1
Super,1
Owner,1
\name="\graphicsDevice"\>The\,1
\used,\,1
move.</param>,1
<remarks>If,1
add.</typeparam>,1
NumericUpDown,1
(resolution,1
(end,1
\name="\predicate"\>All\,1
\form,\,1
treats,1
itself.</returns>,1
SetSpeed(decimal),1
PlayerStomp,1
batch,1
\jump"\\,1
along.</remarks>,1
Direction.None,1
grid's,1
\file="\Sound.cs"\\,1
lambda,1
null;,1
reversed,1
mostly,1
\name="\turnOnEdges"\>A\,1
graphic.</returns>,1
return.</param>,1
beyond,1
assumed,1
Copies,1
negative;,1
\name="\parent"\>The\,1
length.</param>,1
it.</remarks>,1
LoadContent,1
wrap,1
\cref="\ComplexGraphicsObject"\/>\,1
complex),1
8),1
Using,1
again,1
wrong,1
subtracted,1
degrees,1
zero.</param>,1
...forces,1
it'll,1
root,1
\II,\,1
x-coordinate,1
temporarily,1
initialization),1
to.</returns>,1
RtSlopedSides.TopRight),1
Math.Sign(tileCollisionOffset.X)),1
slope.</returns>,1
\cref="\Sound"\/>\,1
level.Sections.Add(new,1
\cref="\Layer"\/>\,1
List{T}.</param>,1
(iterations,1
Screen,1
\name="\value"\>An\,1
\moving,\,1
presented,1
http://stackoverflow.com/a/13459068/2709212,1
Damages,1
\cells,\,1
command),1
5),1
located,1
List<string>(),1
\"\{x},\,1
this.NextScreen,1
\"\shallowest\,1
cCellNumber,1
off-center,1
\less/more,\,1
basically,1
names.</returns>,1
ground-pounding,1
\name="\area"\>The\,1
\True,\,1
BottomLeft/BottomRight,1
master,1
checked.</param>,1
we'll,1
walk.</param>,1
positive;,1
substring.</returns>,1
subtracting,1
'*',1
accordingly,1
(Math.Sign(resolutionDistance.Y),1
\hand,\,1
tight,1
Forces,1
keys.</param>,1
seek,1
(width,1
triangle.</exception>,1
\(16,\,1
give,1
deactivate,1
\Okay,\,1
implemented,1
farther,1
(considering,1
do.</returns>,1
gains,1
Koopa,1
(sprite.Position.Y,1
\name="\center"\>The\,1
\name="\helper"\>The\,1
expires,1
handling,1
\cancelled,\,1
\cref="\PerformDirectionCheck"\/>\,1
whole,1
exclude,1
height.</param>,1
finish,1
\window,\,1
smallest,1
restart.</param>,1
exist,1
\AssemblyManager.LoadAssembly(System.IO.Path.Combine(System.IO.Directory.GetCurrentDirectory(),\,1
(within,1
<remarks>When,1
tied,1
shallow,1
offsetting,1
Top-right,1
False.</remarks>,1
transparent,1
fire-and-forget,1
including,1
\name="\sorted"\>A\,1
invalidates,1
PointNotifier,1
(http://stackoverflow.com/a/9471208/2709212),1
Flip,1
Accepts,1
\Particle(Owner,\,1
\indexData,\,1
grandparent.</param>,1
\cref="\BackgroundLayer"\/>\,1
\file="\DataReader.cs"\\,1
Value.</returns>,1
\"\Mouse:\,1
freely,1
copy.</param>,1
roughly,1
Paths,1
increased,1
determination,1
Enables,1
\file="\Vector2Extensions.cs"\\,1
Figure,1
\numbers,\,1
\cref="\SpriteDamagedEventArgs"\/>\,1
yes,1
top-most,1
\cref="\InitialLevelFilePath"\/>\,1
takes.</param>,1
\signs),\,1
UIs,1
\name="\count"\>How\,1
</param>,1
whichever,1
cloned,1
lol,1
packed,1
b),1
available,1
start),1
\name="\vectors"\>The\,1
WYLO:,1
\bottom-right),\,1
http://stackoverflow.com/a/16167194/2709212,1
checkPoint.Y,1
objects.</param>,1
blank,1
duration,1
\cref="\Rectangle"\/>\,1
seriously,1
\{y}"\.</returns>\,1
utterly,1
files/instances,1
slide,1
ButtonSubmit,1
ICollidableShape,1
cropping.X,1
\negative,\,1
Full,1
O(n),1
arguments.</param>,1
\scheduler,\,1
\name="\assemblyPath"\>The\,1
\name="\releaseDirection"\>The\,1
down),1
local,1
out).</param>,1
Any,1
positionables.</param>,1
numbers,1
\TrackBar,\,1
\sender,\,1
quadrants,1
did,1
Values,1
\file="\ContentPackageResourceSearcher.cs"\\,1
Top),1
\name="\trackingObjects"\>A\,1
\file="\Path.cs"\\,1
works,1
\name="\jsonPath"\>The\,1
bindings,1
\Vector2,\,1
path}/logs/applog_yyyyMMdd_HHmmss.txt.</remarks>,1
visually,1
\file="\Camera2D.cs"\\,1
spin.</param>,1
//this.IsActive,1
notifier,1
don't.</returns>,1
work,1
\Dictionary{string,\,1
(top-left,1
\file="\TestTile3.cs"\\,1
left-most,1
Cancel,1
\cref="\ArgumentOutOfRangeException"\>Thrown\,1
progress.</returns>,1
\cref="\CollisionDebuggerForm"\/>\,1
undoes,1
spin,1
IDs,1
\layer,\,1
\name="\graphicsResource"\>The\,1
corners,1
defines,1
fact,1
appearing,1
sends,1
{X:,1
exists,1
\name="\switchTo"\>The\,1
\name="\startingHP"\>The\,1
\name="\framesFromShellToEmerging"\>The\,1
receiving,1
\name="\packed"\>The\,1
filling,1
\quadrants,\,1
ButtonDelete,1
beginFadeOutAction,1
\cref="\Start(int,\,1
validity.</param>,1
string[],1
read-only.</param>,1
\name="\points"\>An\,1
\name="\editorResourceName"\>The\,1
GetPointOnLine(),1
health,1
pixels.</returns>,1
EditorForm,1
\cref="\ContentPackageManager"\/>\,1
little,1
Top-left,1
else,1
0),1
\cref="\Point"\/>.</param>\,1
inclusive,1
\anything,\,1
http://stackoverflow.com/questions/969290/c-exact-time-measurement-for-performance-testing,1
\components,\,1
Array,1
variety.</param>,1
Crops,1
ContentFolderPaths.ForEach(f,1
Makes,1
\file="\LevelExit.cs"\\,1
conditions.</returns>,1
default;,1
separate,1
\goomba,\,1
Owner.AddParticle(new,1
NotSupportedException.</returns>,1
brackets.</param>,1
0},1
\file="\TestTile2.cs"\\,1
rests,1
System.IO.Directory.GetCurrentDirectory(),1
\Warning,\,1
along.</param>,1
sublist,1
pixel,1
Content.ContentPackageManager.AddPackageFromFolder(f));,1
converted,1
width.</param>,1
\file="\InputObject.cs"\\,1
There's,1
\name="\solidStates"\>An\,1
tile.TileShape,1
texture.Width,1
multiplying,1
follow.</param>,1
\configuration,\,1
close/open.</param>,1
\them,\,1
\"\,\,1
...but,1
\cref="\EventScript"\/>\,1
predicate.</param>,1
this.levelExits,1
rect.BottomCenter,1
\name="\baseTextureDrawPosition"\>A\,1
Eagerly,1
\resource,\,1
7,1
\"\up"\\,1
actual,1
Default,1
un-resizability,1
component;,1
\name="\cellWidth"\>The\,1
Deactivates,1
\reversed,\,1
interpolators,1
evert,1
ButtonCursor,1
relating,1
manipulate,1
\file="\BitmapFont.cs"\\,1
execution,1
Unlike,1
Press,1
(tileAtCheckPoint.Hitbox.GetTopPoint(sprite.Hitbox.Center.X).Y,1
TextLog,1
didn't,1
interface.</remarks>,1
\1,string,true,46.432\,1
whose,1
slowly,1
by.</returns>,1
\"\TestPackage"\,\,1
printing,1
\Now,\,1
forced,1
\<remarks>Internally,\,1
implementer.</param>,1
Vector2s,1
PropertyForm,1
\happen,\,1
gravity,1
\cref="\Forms.PhysicsSettingsEditorForm"\/>\,1
5,1
2:,1
constant,1
contacted,1
serialize.</returns>,1
GetTileAtPosition(checkPoint);,1
weird,1
squared.</returns>,1
lateral,1
executing,1
served,1
function.</typeparam>,1
Rounded,1
EqualityWithinEpsilon(this,1
...the,1
(a,1
Activates,1
hierarchal,1
Bottom-right,1
FatalTile,1
\name="\sampleRate"\>How\,1
\name="\token"\>The\,1
freeze,1
QuadTree,1
viewing,1
BottomRight,1
\cref="\SmlProgram"\/>\,1
important,1
semicolons.</remarks>,1
\file="\Program.cs"\\,1
GetIntersectionDepth(),1
(including,1
CollisionDebuggerForm,1
nice,1
sound.</returns>,1
\name="\keys"\>A\,1
iris-out,1
leaves,1
Instantly,1
(height,1
Run-once,1
\intersecting,\,1
They,1
broken,1
shape.</returns>,1
(lack,1
\Label,\,1
\"\TestSparkle"\,\,1
\cref="\OpenFileDialog"\/>\,1
ComplexGraphicsObjects,1
\name="\position"\>Where,\,1
deserializers,1
LoadContent(),1
aren't,1
\cref="\Walking"\/>\,1
onto,1
label,1
occurred,1
(top-right,1
\block,\,1
value.</returns>,1
zoom-out,1
!(cropping.X,1
Buzzy,1
\name="\collisionType"\>An\,1
integers.</returns>,1
\x,\,1
particularly,1
(has,1
(reference),1
Corrects,1
value;,1
iris-in,1
\name="\audioFileName"\>The\,1
box,1
Debug;,1
\name="\tiles"\>An\,1
information.</param>,1
explicitly,1
Must,1
requested,1
listing,1
\name="\triangle"\>The\,1
TabPageSprites,1
Cartesian,1
\name="\ownerCamera"\>The\,1
(7.9,1
backwards,1
learning,1
updating,1
subgrid,1
\file="\Background.cs"\\,1
Finish,1
hasn't,1
\less,\,1
LevelScreen,1
\name="\selectedObject"\>An\,1
slopes:,1
screen.</returns>,1
comments.</param>,1
\cref="\ContentPackageResourceSearcher"\/>\,1
<remarks>There,1
displayed.</param>,1
appear,1
PNG,1
distance.</returns>,1
y-intersect,1
Determining,1
ScreenManager,1
validate.</param>,1
1-wide,1
translate,1
\Jump,\,1
\name="\tileFullName"\>The\,1
too,1
\differently,\,1
\name="\args"\>Command-line\,1
\strongly-typed,\,1
path's,1
second),1
\lines,\,1
last.</param>,1
\name="\editorTextureSourceRectangle"\>The\,1
inclusive.</returns>,1
(NAudio,1
suffers,1
(changed,1
True,1
Tiles,1
whatever's,1
\GameServices.SpriteBatch.Begin(SpriteSortMode.Immediate,\,1
\name="\hpAmount"\>The\,1
normal,1
all.</returns>,1
\"\jump"\\,1
automatically-disposing,1
\assigned,\,1
board,1
\cref="\GameServices.GameObjectSize"\/>\,1
second.</param>,1
\world,\,1
harmless,1
Exit,1
form.</returns>,1
caches,1
\"\\,1
PlayerFireball,1
stretching,1
//this.IsMoving,1
finishing,1
...so,1
Equivalent,1
Disposes,1
align.</param>,1
CGO's,1
IsRunning,1
ERR_CANCELLED,1
edits,1
StackExchange,1
Temporary:,1
Tries,1
Skeet,1
players.</returns>,1
ignored,1
PanelTiles,1
Look,1
Vector2((sprite.Position.X,1
drawn.</param>,1
concrete,1
closest,1
Sliding,1
\lists,\,1
\file="\SpriteComponent.cs"\\,1
enclosing,1
BottomLeft,1
modulus,1
target,1
\now,\,1
although,1
\file="\IEffect.cs"\\,1
person(s),1
\"\Right"\\,1
\file="\SizedGrid.cs"\\,1
\Interfaces.EffectDirection.Backward,\,1
guess?),1
disable,1
\background,\,1
file..,1
\name="\defaultStates"\>An\,1
two-case,1
Stack,1
\name="\channelCount"\>How\,1
exposes,1
\name="\gridHeight"\>The\,1
Every,1
unless,1
loops,1
\script,\,1
why:,1
frame),1
simply,1
Clone,1
\name="\topLeft"\>The\,1
provider.</param>,1
(tileAtCheckPoint,1
match.</returns>,1
linearly,1
constants,1
\cref="\Dictionary{TKey,\,1
\isn't,\,1
restoring,1
initialize,1
Assume,1
Trims,1
interact,1
\"\SmlSample.dll"\));\,1
\blank,\,1
\with,\,1
Notice,1
Height,1
impart,1
Effect.Update();,1
nature;,1
\warning,\,1
billion,1
borders,1
\property,\,1
anchor,1
notifying,1
complains,1
slope-intercept,1
TopRight,1
guard,1
\resolutionDistance.X),\,1
death,1
\cref="\SectionAutoscrollSettings"\/>\,1
♥♥♥,1
Therefore,1
\name="\range"\>The\,1
sense,1
map,1
positionables,1
Sound,1
\name="\direction"\>An\,1
automatic,1
0.4,1
(-y,1
TargetVelocity,1
Effect.Draw();,1
\name="\exitSpriteName"\>The\,1
\name="\hpAmount"\></param>\,1
gives,1
resting,1
\file="\JsonHelper.cs"\\,1
frames-left,1
activity,1
0.8333,1
layers,1
\name="\array"\>The\,1
\name="\owner"\>A\,1
sprite.Hitbox.BottomCenter;,1
ButtonSetTimeScale,1
black.</param>,1
\First,\,1
\G,\,1
stretches,1
4,1
\Effect.Start(30,\,1
Signifies,1
<remarks>Useful,1
\name="\attribute"\></param>\,1
overrides),1
drop-in,1
display.</returns>,1
\y,\,1
producing,1
free,1
switches,1
sent,1
first-stage,1
(tile/sprite/etc),1
talk,1
Deserialize,1
[1],1
PropertySection,1
\over,\,1
\file="\AnimatedGraphicsObject.cs"\\,1
TopRight/BottomRight.</returns>,1
\name="\intersection"\>The\,1
http://stackoverflow.com/a/469262/2709212,1
catch,1
\down),\,1
returning,1
trimmed,1
\name="\totalOffset"\>The\,1
texture),1
falling,1
grid..,1
division,1
\file="\SmlProgram.cs"\\,1
memory,1
font.</param>,1
Keeps,1
finished,1
parameters),1
\center,\,1
stomped.</param>,1
destroyed,1
ending,1
rows,1
Run,1
\6,\,1
filename,1
Math.Sign(tileCollisionOffset.Y)),1
(!sprite.IsOnGround),1
UpdateVisualDisplacement,1
\cref="\AssemblyManager"\/>\,1
\file="\Sprite.cs"\\,1
rectangle.</exception>,1
GameServices.SpriteBatch.End();,1
2-high,1
\file="\SpriteBatchExtensions.cs"\\,1
edges-only,1
First,1
lambdas,1
\file="\TypeExtensions.cs"\\,1
layer.</remarks>,1
deserialize,1
\sound,\,1
wall,1
setting.</param>,1
\tileable,\,1
1x1,1
bunch,1
loses,1
rectCollisionPoint,1
previously,1
filenames,1
conveys,1
1f,1
\Within(),\,1
(http://stackoverflow.com/a/1269311/2709212),1
positioning,1
compiler,1
concerning,1
relevant,1
shows,1
\file="\IPositionable2.cs"\\,1
cow,1
\multiplier,\,1
\folder,\,1
resolves,1
\file="\Interpolator.cs"\\,1
children,1
Attempting,1
texture.Height);,1
\name="\newFrameTime"\>The\,1
b.Left,1
key.</param>,1
\type,\,1
\same,\,1
\file="\GraphicsManager.cs"\\,1
order.</returns>,1
colors,1
defining,1
upward),1
clicking,1
List{T}.</typeparam>,1
\cref="\TextCollisionInfo"\/>\,1
\file="\GameTimeExtensions.cs"\\,1
author),1
\Load(string,\,1
\intersection),\,1
\file="\ContentPackageManager.cs"\\,1
\input,\,1
\name="\debug"\>A\,1
round.</param>,1
played.</param>,1
rect.TopCenter;,1
exited,1
constructing,1
slows,1
action.</param>,1
\cref="\SoundManager"\/>\,1
\of,\,1
\file="\BoundingRectangle.cs"\\,1
Thomas,1
\hierarchy,\,1
\tall,\,1
again.</param>,1
\float.NaN,\,1
b.Right,1
.Add(),1
\Effect.Set(Interfaces.EffectDirection.Forward,\,1
restricted,1
anyway,1
\edge"\\,1
\name="\obj"\>The\,1
FadeEffect();,1
\cref="\TextTileInfo"\/>\,1
awful,1
\"\temporary"\\,1
\file="\ColorExtensions.cs"\\,1
'jiggling',1
=>,1
\mouse,\,1
expired,1
grid.</typeparam>,1
laziness,1
(Math.Sign(resolutionDistance.X),1
strangely-shaped,1
past,1
\(animated,\,1
created),1
\cref="\Physics.CameraSystem"\/>\,1
\name="\scale"\>Optional,\,1
\name="\walkingVelocity"\>The\,1
Rebuild,1
\better,\,1
3:,1
decelerate,1
\name="\shellSpinningVelocity"\>The\,1
\name="\child"\>The\,1
yellow,1
\file="\TestSprite.cs"\\,1
bounds),1
Allows,1
\another,\,1
\debugging,\,1
interfaces,1
drops,1
rotation,1
am,1
stone,1
Saves,1
texture;,1
\file="\TestScreen.cs"\\,1
separates,1
let's,1
gone,1
\cref="\AutoDisposeFileReader"\/>\,1
class.</typeparam>,1
spinning,1
click,1
\name="\removeChildren"\>If\,1
loads,1
Physics.Camera2D();,1
PhysicsSettingsEditorForm,1
CollidableShape.Rectangle),1
\cref="\Grid{T}"\/>\,1
\accelerate,\,1
\("\x,y;;x,y"\)\,1
matching,1
coinciding,1
PreviousVelocity,1
{program,1
\name="\point1"\>The\,1
calculated,1
frame.</param>,1
varies,1
active/inactive,1
quintillion,1
\Hitbox.BottomCenter,\,1
\name="\effects"\>How\,1
errors,1
terrain,1
Handle,1
updates,1
general,1
Value:,1
LMB,1
Start(string,1
(!playingSoundFileNames.Contains(sound.Name)),1
why,1
Second,1
\formula,\,1
Represnts,1
damages,1
OK,1
Now,1
conditional,1
entrances,1
Zoom,1
CameraSystem.ActiveBounds,1
aku,1
count,1
\bottom-left),\,1
http://www.xnawiki.com/index.php/Drawing_2D_lines_without_using_primitives,1
\"\subgrid"\\,1
\parameter,\,1
initialize.</param>,1
carries,1
supported,1
velocity's,1
direction),1
\cref="\ShelledEnemyComponent"\/>\,1
\Single.NaN,\,1
out-of-bounds,1
\file="\SlopedTestTile2.cs"\\,1
\file="\LevelScreen.cs"\\,1
triggered,1
\{0,\,1
HasMoved,1
encased,1
\packages,\,1
Find,1
collections,1
commas,1
to),1
MP3,1
\quickly,\,1
\file="\Testing.cs"\\,1
(deserialization,1
down.</param>,1
At,1
of),1
Section(level));,1
brackets,1
pounding,1
assign,1
\name="\position"\/>.</returns>\,1
\file="\BackgroundLayer.cs"\\,1
\file="\ScreenExit.cs"\\,1
\triangles,\,1
\I,\,1
whole-number,1
sloped.</param>,1
texture(s),1
\event,\,1
return.</typeparam>,1
Manages,1
IPositionable2,1
StaticLabelSectionSettings,1
\cref="\HorizontalDirection.None"\/>,\,1
inherited,1
\cref="\Forms.CollisionDebuggerForm"\/>\,1
\name="\str"\>The\,1
caching,1
soon,1
\file="\NumericExtensions.cs"\\,1
TXT,1
resolutionDistance.Y));,1
\FacePlayer,\,1
Top,1
dire,1
have.</param>,1
\offscreen,\,1
PropertyGridSelectedObject,1
uninitalized),1
\name="\speed"\>A\,1
\name="\immuneTo"\>A\,1
\file="\GameSettings.cs"\\,1
character.</param>,1
unloaded,1
exitSpriteName,1
trim.</param>,1
NOT,1
(rise,1
GetPointOnSlope(),1
epsilon),1
necessary,1
\name="\value"\>A\,1
Submit,1
\exists,\,1
\file="\BlankScreen.cs"\\,1
floor.</param>,1
reaching,1
\name="\output"\>The\,1
\name="\position"\>This\,1
<remarks>Handles,1
\name="\TSelector"\>The\,1
reusable,1
\point,\,1
Divides,1
\cref="\EditorForm"\/>\,1
raises,1
run),1
somewhere,1
types.</param>,1
hidden,1
sprite.Hitbox.Height));,1
rely,1
Extend,1
\"\R,\,1
Direction.Right;,1
\"\Left"\\,1
\name="\min"\>The\,1
low-level,1
god,1
\cref="\CameraSystem"\/>\,1
adjacency,1
GameServices.Camera,1
\file="\TestTile5.cs"\\,1
\name="\framesBetweenChecks"\></param>\,1
douch,1
sequence,1
bar,1
wait,1
collision.</returns>,1
searcher.</param>,1
\cref="\FadeInFadeOutSampleProvider"\/>\,1
\name="\list"\>The\,1
parallelogram,1
back,1
http://smlimitless.wikia.com/wiki/Sprite_State,1
solved,1
overwrite,1
\file="\ContentPackage.cs"\\,1
AppData,1
checkPoint,1
shapes,1
(keys),1
Controls,1
elements,1
Boolean,1
queue,1
Switches,1
\debug,\,1
255.</param>,1
interpolates,1
right),1
Don't,1
defined,1
sign.</param>,1
acquire,1
bounces,1
definition,1
specially,1
1.</param>,1
items.</typeparam>,1
PhysicsSettingEditorForm,1
Initialize(Screen,1
unchanged).</returns>,1
this.Effect,1
root.</param>,1
\file="\EnumerableExtensions.cs"\\,1
LevelSerializer,1
Has,1
program's,1
XNA,1
X-velocity,1
Let's,1
<returns>Left,1
squared,1
LocalAdd,1
\cref="\SizedGrid{T}"\/>\,1
built,1
gradated,1
\parsed,\,1
followed,1
fulfilled,1
\actions,\,1
slopes.</returns>,1
thrown,1
comparison,1
easily,1
\coordinate,\,1
\Also,\,1
in.</param>,1
\file="\IName.cs"\\,1
\"\down"\\,1
\cref="\FadeEffect"\/>\,1
parameters,1
Center,1
\name="\startingDirection"\>The\,1
cubed,1
worst,1
\name="\length"\>How\,1
16.67,1
visibility,1
working,1
\object,\,1
\cref="\ScreenExit"\/>\,1
zeroes,1
\player,\,1
\file="\ILevelSerializer.cs"\\,1
private,1
\4,\,1
within.</returns>,1
\cref="\ChasePlayerComponent"\/>\,1
reduced,1
\file="\MouseFollowSprite.cs"\\,1
\solid,\,1
Direction.Left,1
Newtonsoft.Json.dll,1
\wheel,\,1
multipliers,1
\Update(),\,1
Null,1
edit,1
\file="\IEditorObject.cs"\\,1
expire,1
parts,1
elegant,1
Single.NaN,1
\equal,\,1
halfway,1
modes,1
Forward,1
ScreenManager.SwitchScreen(this.NextScreen);,1
scrolling.</exception>,1
\does,\,1
travelling,1
Shell,1
Type,1
\properties,\,1
often,1
sublists,1
\file="\ComplexGraphicsObject.cs"\\,1
Schedules,1
\backward,\,1
\shell,\,1
listed,1
0.5,1
quotient.</returns>,1
reducing,1
TabPageSettings,1
representation.</returns>,1
16,1
\cref="\ContentPackage"\/>\,1
Clears,1
\"\alternate\,1
constant.</remarks>,1
centered,1
\name="\cellHeight"\>The\,1
LocalRemove,1
cancel.</param>,1
settings),1
enumerate,1
number),1
\more,\,1
prepends,1
contact,1
One,1
IEffect,1
\file="\Grid.cs"\\,1
KeyUp/KeyDown,1
\cref="\FloatingScaleFactor"\/>\,1
TabPageTiles,1
\name="\isMainLayer"\>A\,1
others,1
\(Information,\,1
Effect_effectCompletedEvent(object,1
appropriate,1
unnessecary,1
path.</param>,1
argument.</remarks>,1
double,1
\cref="\CroppedTextureMetadata"\/>\,1
transformation.</returns>,1
though,1
Credit:,1
Basic,1
holds,1
\file="\InputManager.cs"\\,1
interacted,1
Unregisters,1
\name="\cropping"\>How\,1
\case,\,1
\"\sparse"\\,1
sliders,1
injure,1
Notify,1
Brackets,1
\forward,\,1
\high,\,1
nodes,1
String.Empty.</param>,1
validation,1
\gfx.DrawUserIndexedPrimitives(PrimitiveType.TriangleList,\,1
\name="\startIndex"\>The\,1
+1,1
base.Start();,1
EffectDirection,1
\"\shade"\\,1
haven't,1
\it,\,1
apparently,1
Y:16},1
greater-than,1
note,1
\name="\mouse"\>A\,1
Incomplete,1
exactly,1
having,1
\"\backward.</param>\,1
\edge,\,1
\file="\SimplePlayer.cs"\\,1
\unique,\,1
serving,1
16px,1
FromSpinJumpable,1
parallel,1
facing.</param>,1
\file="\Texture2DExtensions.cs"\\,1
final,1
\name="\turnOnSpriteCollisions"\>A\,1
\file="\TestTile.cs"\\,1
blocks,1
application,1
two-way,1
thrice.</returns>,1
changed,1
In,1
\name="\state"\>An\,1
visualDisplacementDirection,1
46.432,1
(sprite.SpriteCollisionMode,1
\name="\format"\>The\,1
spawns,1
isSliding,1
iris-in.</param>,1
(this.SlopedSides,1
Bottom-left,1
smaller,1
\cref="\DisplayLogsInDebugForm"\/>\,1
+=,1
composing,1
emerging,1
Activate,1
derives,1
\"\pause"\\,1
\@"\\TestPackage"\\,1
WARNING:,1
tabControl1,1
put,1
\distance,\,1
Heals,1
accessible,1
sprite.SpriteCollisionMode,1
sprite.Position.Y);,1
SML,1
pointer,1
\name="\remainingHitPoints"\>The\,1
Error),1
Troopa,1
totally,1
\name="\cellNumber"\>A\,1
\cref="\RtSlopedSides"\/>\,1
channels,1
behaviors,1
rather,1
high,1
stages,1
supposed,1
\name="\lineColor"\>The\,1
remove.</typeparam>,1
\ScreenManager.AddScreen(this,\,1
mirroring.</param>,1
\Bottom,\,1
creates,1
pause,1
Immediately,1
\name="\framesFromEmergingToWalking"\>The\,1
\name="\T"\>Any\,1
2);,1
(this.NextScreen,1
Bottom,1
\smaller,\,1
dividend,1
http://stackoverflow.com/a/18375526/2709212,1
cropped.</param>,1
returned.</returns>,1
NOTE:,1
this.SlopedSides,1
classes,1
various,1
ugly,1
\file="\ScreenManager.cs"\\,1
retrieve.</typeparam>,1
unload,1
overflow,1
attempts,1
help,1
\16,\,1
ice,1
MainLayer,1
Likewise,1
fires,1
indexes,1
\cref="\List{T}"\/>\,1
Restricted,1
validated,1
\name="\scrollType"\>A\,1
TestPlayer.</returns>,1
managers,1
triangular,1
//this.IsHostile,1
consistency,1
\selected,\,1
Game,1
providing,1
identification,1
\name="\absoluteFolderPath"\>The\,1
end.</returns>,1
copying,1
\name="\content"\>The\,1
\cref="\IPositionable"\/>\,1
\name="\spriteFullName"\>The\,1
enough,1
\name="\showDialogButtons"\>A\,1
below:,1
documentation,1
abstract,1
\name="\minimum"\>The\,1
serializing,1
\III,\,1
implements,1
\file="\StaticGraphicsObject.cs"\\,1
\coordinates,\,1
derive,1
lost.</remarks>,1
indexer,1
\AnimatedGraphicsObject,\,1
direction..,1
struct.</param>,1
clamping,1
\timer,\,1
Load(string),1
\name="\arrayIndex"\>The\,1
enumerable.</param>,1
Attempts,1
matter,1
agnosticity,1
config,1
hey,1
acts,1
\file="\ResourceNotFoundException.cs"\\,1
revealed,1
present.</param>,1
rectangles.</remarks>,1
\name="\debug"\>Draws\,1
Also,1
brackets.</returns>,1
holy,1
\Height"\.</returns>\,1
[assembly:,1
First()..,1
\cref="\SpriteData"\/>\,1
ignore,1
Levesque,1
\name="\e"\>Arguments\,1
\cref="\InterpolatorScales"\/>\,1
wasteful,1
1:,1
button.</returns>,1
Sanity,1
time.</param>,1
meaningless,1
unregistering,1
\name="\gridWidth"\>The\,1
\file="\ListExtensions.cs"\\,1
\Y,\,1
replacing,1
4:,1
\cref="\Sprite"\/>\,1
caused,1
omg,1
\parameters,\,1
\"\"\)\,1
\name="\source"\>A\,1
hierarchy.</returns>,1
\name="\bottomRight"\>The\,1
\cref="\ActionScheduler"\/>\,1
